1|Kelsey Gibson|risus.at.fringilla@arcu.ca|1 30 192 3155-4784|Criciúma
2|Rhea Noel|turpis.egestas@vitaesodales.com|1 78 621 4036-6567|Veenendaal
3|Virginia Banks|faucibus.ut.nulla@elementumsem.com|1 56 522 9362-5411|Indianapolis
4|Hanae James|nascetur.ridiculus.mus@hendrerit.com|1 72 862 5186-3228|Meldert
5|Laura Roberson|amet.diam.eu@Suspendisse.net|1 25 450 2216-5893|Recklinghausen
6|Chelsea Snow|lacus.Quisque@Nuncsollicitudin.com|1 87 835 7561-2866|Maple Creek
7|Myra Tate|a.magna@gravidaPraesent.ca|1 54 263 7686-0648|Noorderwijk
8|Zephr Marshall|Duis.cursus@fringillaporttitorvulputate.org|1 46 805 5816-4615|Ilhéus
9|Kylee Dyer|Cras.vehicula.aliquet@auctorveliteget.edu|1 48 234 8907-4433|Hohen Neuendorf
10|Tamara Shaffer|elementum@Vivamusrhoncus.ca|1 72 824 8648-7779|Meux
11|Brynn Payne|faucibus@anteNunc.net|1 88 277 4721-3931|Mornimont
12|Serina Berry|Sed.molestie.Sed@malesuadamalesuadaInteger.edu|1 64 271 4069-6488|Landelies
13|Lani Donaldson|amet.consectetuer.adipiscing@velturpis.net|1 73 854 7742-8070|Pescantina
14|Tanisha Hays|Etiam.gravida.molestie@mi.co.uk|1 23 265 1492-2660|Robechies
15|Brenna Rojas|blandit.at.nisi@tellus.ca|1 78 462 2167-1703|Prenzlau
16|Maisie Hansen|justo.Praesent.luctus@gravidaPraesent.com|1 32 430 4901-4808|Merzig
17|Hiroko Bennett|Lorem.ipsum.dolor@ametmetusAliquam.net|1 82 345 2923-1565|Arsoli
18|Meghan Thompson|ultrices.posuere.cubilia@egestas.ca|1 21 151 8596-2785|Bersillies-l'Abbaye
19|Jocelyn Patterson|sociis@ipsum.com|1 68 137 8081-6027|Vreren
20|Kathleen Kelley|purus@Sed.com|1 18 445 6169-3373|Yaxley
21|Kimberley Farley|viverra.Maecenas.iaculis@lectusjusto.org|1 70 924 1663-9623|Roosdaal
22|Shellie Walter|ultrices@commodohendreritDonec.net|1 69 512 2464-8448|Monmouth
23|Vivian Santiago|hendrerit@eget.com|1 56 435 6831-6010|Sprimont
24|Imelda Dejesus|magna.a@urnanec.org|1 12 201 5637-8732|Elsene
25|Sloane Shannon|placerat.augue.Sed@nisl.com|1 26 458 1655-1682|Galashiels
26|Venus Pitts|amet@gravidaPraesent.edu|1 83 162 9824-1315|Minervino di Lecce
27|Wyoming Mann|orci.Ut@velit.edu|1 89 786 1012-0961|Meeuwen
28|Sasha Bolton|vitae.orci@Nullamsuscipit.org|1 71 466 9176-2669|Oranienburg
29|Eve Barnett|sem.eget@non.com|1 86 867 3739-2006|Inverbervie
30|Portia Mccarthy|et.magnis.dis@Fusce.com|1 89 619 2527-8147|Cambiago
31|Clare Ballard|sagittis.placerat@duinectempus.ca|1 93 279 9218-4070|Boignee
32|Rama Diaz|libero.dui.nec@malesuadamalesuadaInteger.edu|1 42 953 4121-6258|Rodì Milici
33|Keely Ratliff|magnis@natoquepenatibus.net|1 47 819 6191-2341|Rocca San Felice
34|Pamela Michael|ipsum@atarcuVestibulum.com|1 45 283 5591-2381|Heusden
35|Sydnee Patterson|neque.non.quam@arcuimperdietullamcorper.com|1 31 298 2969-2044|Camerino
36|Riley Summers|orci.luctus@aliquet.edu|1 98 685 4633-8659|Ramsey
37|Idola Christensen|imperdiet.ullamcorper@mauris.edu|1 62 931 4010-1088|Montignoso
38|Janna Carr|velit.eu@Nullamlobortis.org|1 13 145 7455-4173|Berbroek
39|Sonia Pugh|arcu.imperdiet@Inatpede.edu|1 76 917 5928-3314|Baracaldo
40|Mercedes Cole|eget@VivamusrhoncusDonec.org|1 40 938 6364-3303|Agen
41|Rhoda Rush|vitae.orci@sagittisNullam.org|1 72 244 4610-1510|Norcia
42|Zia Munoz|tellus@magna.co.uk|1 19 487 7934-3174|Delft
43|Catherine Stanley|nisl@etlaciniavitae.co.uk|1 14 710 9715-6240|Mont-Saint-Guibert
44|Delilah Rice|amet@felis.net|1 98 317 5468-3730|Grosseto
45|Hiroko Abbott|mattis.semper@idrisus.net|1 12 820 8831-6209|Châteauroux
46|Quon Kinney|in.magna.Phasellus@Curabiturdictum.com|1 72 102 6578-2810|Diegem
47|Delilah Vang|non@ridiculus.net|1 25 390 2353-5255|Mauá
48|Sarah Cross|Duis.cursus.diam@eros.org|1 32 651 6022-9381|Parkland County
49|Veronica Garza|sed.dictum@dictumeueleifend.ca|1 37 909 7608-1307|Torre Cajetani
50|Clare Ford|eleifend.nunc.risus@etcommodo.net|1 40 224 8709-3372|Hull
51|Ocean Barron|laoreet@etultricesposuere.edu|1 19 112 1679-4106|Angoulême
52|Jaden Herrera|nec@justoPraesent.net|1 28 288 3675-8748|Orosei
53|Pascale Vang|id.blandit@enimnonnisi.ca|1 86 131 3758-6668|Quedlinburg
54|Kyra Case|nascetur@Aliquamgravidamauris.edu|1 28 297 7468-0452|Pero
55|Maya Keith|elementum.sem@non.net|1 90 352 5894-9031|Murray Bridge
56|Ann Sloan|magnis.dis@vulputatemaurissagittis.com|1 27 982 6057-8581|Zoerle-Parwijs
57|Astra Morin|euismod.in.dolor@pede.edu|1 49 148 5150-3773|Paignton
58|Alfreda Sullivan|non.magna@orciadipiscingnon.edu|1 55 262 1539-6797|Saint-Mard
59|Riley Fitzgerald|et.magnis@euneque.edu|1 29 718 3757-8130|Iowa City
60|Madeline Bray|non@auctor.net|1 17 980 3139-2599|Metairie
61|Shelly Dawson|magna.Phasellus@Proinvelarcu.ca|1 43 394 6855-5535|Comox
62|Hayley Rocha|lacinia.Sed@natoquepenatibuset.com|1 75 158 5088-5117|Tilly
63|Maya Garza|aliquam.eros.turpis@nonhendreritid.net|1 20 158 5261-5375|Calvi Risorta
64|Latifah Bowen|Vivamus.euismod.urna@apurusDuis.ca|1 12 675 6841-5625|Gilly
65|Calista Barron|Suspendisse.sagittis@dolor.edu|1 96 147 9864-3769|Dole
66|Dahlia Mathews|fermentum.metus@Curabiturconsequatlectus.com|1 14 515 9979-0660|Buken
67|Gisela Ballard|nunc.ullamcorper.eu@necdiam.net|1 22 238 5953-2687|Doues
68|Hedy Nolan|netus.et.malesuada@arcuVestibulum.net|1 37 858 8521-1433|Oklahoma City
69|Daphne Roth|egestas.Sed.pharetra@at.org|1 17 334 9406-1349|Santa Maria a Monte
70|Eliana Richardson|luctus.Curabitur@rutrumnonhendrerit.co.uk|1 39 747 4384-7819|Moorsele
71|Maxine Vance|semper.pretium.neque@egestasSed.edu|1 17 925 3848-7674|Mont-sur-Marchienne
72|Julie Sweeney|Quisque.ac@arcu.com|1 52 511 2879-8777|Logan City
73|Gwendolyn Benjamin|fermentum.convallis.ligula@tinciduntduiaugue.org|1 70 619 2433-7851|Giardinello
74|Mollie Gallegos|Mauris.nulla.Integer@Donec.edu|1 15 135 9145-6162|Colwood
75|McKenzie Hampton|non.leo.Vivamus@Quisquefringillaeuismod.net|1 37 790 6333-4385|San Maurizio Canavese
76|Jael Houston|Nunc.ac.sem@rutrum.edu|1 78 432 3297-0247|Meeffe
77|Keely Hahn|pede.Cras@habitantmorbitristique.com|1 53 997 9885-9434|Crotta d'Adda
78|Lillith Nicholson|Proin@aliquamarcu.net|1 98 842 3291-4453|Rathenow
79|Georgia Gallegos|fringilla.Donec@quamafelis.ca|1 27 474 5285-0838|Autelbas
80|Mary Conrad|commodo.hendrerit@nullamagna.edu|1 82 515 9342-9503|Fernie
81|Katelyn Rodgers|dapibus.ligula@ante.com|1 74 436 8906-9995|Sint-Laureins-Berchem
82|Kylynn Holder|sollicitudin.commodo@odiotristiquepharetra.ca|1 76 824 5670-7451|Marzabotto
83|Dominique Yates|iaculis.enim.sit@venenatisamagna.com|1 63 317 7140-6174|Aylmer
84|Chastity Ward|Suspendisse.dui.Fusce@placerat.org|1 69 389 1168-3216|Bègles
85|Veda Hatfield|aliquet.diam@conguea.ca|1 26 935 9367-7160|Joondalup
86|Madison Cochran|faucibus@molestie.org|1 31 915 5506-0229|Ammanford
87|Sydney Wade|tellus.Suspendisse.sed@luctuset.net|1 38 790 8103-6245|Aalen
88|Alice Alexander|quam.elementum.at@arcuet.com|1 90 889 8365-0937|Comeglians
89|Hillary Mccarty|Nunc.laoreet.lectus@etmagnaPraesent.net|1 41 241 2472-7725|Houthalen
90|Dawn Hebert|fames.ac.turpis@Duisvolutpatnunc.net|1 35 661 6001-8529|Frignano
91|Jasmine Chapman|non.dui@neccursus.co.uk|1 67 581 3702-4370|Oostmalle
92|Xyla Nielsen|et@aliquetnecimperdiet.ca|1 29 551 9750-7171|Kalgoorlie-Boulder
93|Whilemina Lambert|metus.eu.erat@CuraePhasellusornare.org|1 53 540 6586-1956|M
94|Penelope Lindsey|lobortis@imperdietnec.org|1 41 436 2334-8872|Vaughan
95|Petra Ware|non.enim.commodo@ascelerisque.ca|1 26 192 3172-5140|Culemborg
96|Barbara Collier|amet.orci.Ut@pretiumneque.org|1 40 709 7657-1631|Brechin
97|Macey Humphrey|scelerisque.neque.Nullam@Proinvelarcu.ca|1 23 125 1717-0478|Maasmechelen
98|Morgan Leblanc|in@euismod.co.uk|1 65 529 2675-2883|Dessel
99|Jane Gentry|id.magna.et@et.edu|1 86 642 7641-5169|Gloucester
100|Meghan Compton|Vivamus@NullafacilisiSed.com|1 65 308 1698-6752|Hanret